{"cameraMode":{"drawMode":0,"name":"Shaded","section":"Shading Mode"},"sceneLighting":true,"audioPlay":false,"sceneViewState":{"showFog":true,"showMaterialUpdate":false,"showSkybox":true,"showFlares":true,"showImageEffects":true,"showParticleSystems":true,"showVisualEffectGraphs":true,"m_FxEnabled":true},"in2DMode":false,"pivot":{"x":11.294251441955567,"y":6.2701239585876469,"z":0.20968303084373475},"rotation":{"x":0.23763632774353028,"y":-0.6486304402351379,"z":0.2289319485425949,"w":0.6869388222694397},"size":0.9566864371299744,"orthographic":false}